{
  "hash": "7ef9d98b",
  "configHash": "1315e573",
  "lockfileHash": "68894209",
  "browserHash": "a58ac273",
  "optimized": {
    "@angular/common": {
      "src": "../../../../../../node_modules/@angular/common/fesm2022/common.mjs",
      "file": "@angular_common.js",
      "fileHash": "9a8e015f",
      "needsInterop": false
    },
    "@angular/core": {
      "src": "../../../../../../node_modules/@angular/core/fesm2022/core.mjs",
      "file": "@angular_core.js",
      "fileHash": "17ccb00b",
      "needsInterop": false
    },
    "@angular/forms": {
      "src": "../../../../../../node_modules/@angular/forms/fesm2022/forms.mjs",
      "file": "@angular_forms.js",
      "fileHash": "7526aba0",
      "needsInterop": false
    },
    "@angular/platform-browser": {
      "src": "../../../../../../node_modules/@angular/platform-browser/fesm2022/platform-browser.mjs",
      "file": "@angular_platform-browser.js",
      "fileHash": "8bf68a96",
      "needsInterop": false
    },
    "@angular/router": {
      "src": "../../../../../../node_modules/@angular/router/fesm2022/router.mjs",
      "file": "@angular_router.js",
      "fileHash": "9e95bfa3",
      "needsInterop": false
    }
  },
  "chunks": {
    "chunk-4VYKGAYF": {
      "file": "chunk-4VYKGAYF.js"
    },
    "chunk-ETT5FPMX": {
      "file": "chunk-ETT5FPMX.js"
    },
    "chunk-Z2CURL4V": {
      "file": "chunk-Z2CURL4V.js"
    }
  }
}